reach_id,dist_out_km,length_km,n_readings,median_wse_m,slope_cm_per_km,drop_m,drop_p10_m,drop_p90_m,design_flow_m3s,power_MW,power_p10_MW,power_p90_MW,width_m,depth_m,velocity_ms,velocity_low_ms,velocity_high_ms,froude,hydrokinetic_kW_per_m2,energy_GWh_per_yr,capacity_factor,open_water_share,years_used,energy_GWh_per_km,head_gradient_m_per_km,drop_spread,pass_gradient,pass_confidence,passes,shortlisted,rank,screen_note
82287000101,2988.432556,14.979868476,101,358.5268,69.023698,10.33965917767144,9.912794343566194,11.555657640943664,639.3300025939942,51.87884557306357,49.73706754841259,57.98007148478549,263.96756,2.019510316944564,1.1993017057894069,1.0314347752398831,1.4675917874054734,0.2694454843397938,0.8624925620415177,219.23847861018498,0.4824167405651012,0.8643421686474795,66,14.635540956947517,0.6902369799999998,0.15888950197945056,True,True,True,False,9.0,passes
82287000091,2973.452687,9.99826247,105,348.6432,78.458296,7.844466363569511,7.617431958333907,8.219971947009348,639.3300025939942,39.35931079406863,38.22017432480999,41.243395737329365,317.08221,1.7409291236329616,1.1581694860488307,0.9960598553023569,1.4172580743809489,0.2802509345755574,0.7767591179336403,166.33129211567126,0.48241674056510103,0.8643421686474797,66,16.636019769910206,0.7845829599999999,0.07681083208842572,True,True,True,False,8.0,passes
82287000081,2963.454425,9.991507601,106,338.35209999999995,109.565664,10.94726164664612,10.870436744871878,11.036149195631973,639.3300025939942,54.92746778740317,54.5420017728252,55.37345767430037,317.32574450000004,1.5742378527341168,1.2798215747330568,1.1006842330913353,1.5661243733379542,0.32567149511065124,1.048137563185426,232.12186660284425,0.48241674056510125,0.8643421686474797,66,23.231916130415826,1.09565664,0.015137342662387532,True,True,True,True,3.0,passes
82287000071,2953.462917,10.001184919,105,329.5454,90.814228,9.082498875042274,8.977901102521885,9.204722915885236,639.3300025939942,45.57109170226603,45.046276367966605,46.18434616561439,331.238428,1.6231000098667148,1.189156708621405,1.0227097789997588,1.455177301163072,0.298010760938671,0.8407894917038314,192.58209590148445,0.4824167405651012,0.8643421686474796,66,19.2559279186631,0.9081422799999999,0.024973503050645333,True,True,True,False,6.0,passes
82287000061,2943.461732,10.00192006,104,319.47900000000004,98.727179,9.874613521073108,9.761727990534803,10.021649167379792,639.3300025939942,49.54549672775645,48.97909788369426,50.28324247521327,322.875493,1.6073994308791835,1.231873727566018,1.059447672910327,1.5074503412854432,0.3102199933705657,0.9346921244685956,209.3778148798884,0.4824167405651012,0.8643421686474796,66,20.933762080066895,0.9872717900000001,0.026322162005662193,True,True,True,False,5.0,passes
82287000051,2933.459812,9.979516604,102,308.72195,143.7860345,14.349151187160668,14.224422158967508,14.481771957207174,639.3300025939942,71.9963188100846,71.37049566824594,72.66173846568421,268.679962,1.6033181137396935,1.484123726843857,1.2763900987014607,1.8161299883885207,0.3742189320202919,1.6344827033536613,304.2543300086908,0.48241674056510114,0.8643421686474796,66,30.487882537991794,1.4378603449999998,0.017934844708440832,True,True,True,True,2.0,passes
82287000041,2923.480296,10.001031093,99,290.3789,173.98127499999998,17.399921408747833,17.28014341979653,17.56334385738487,639.3300025939942,87.3034420416131,86.7024605503396,88.12340794477569,241.512111,1.6142164798291267,1.639926541409367,1.410385106169028,2.0067867097182837,0.4121060617418326,2.205175651936316,368.9417834805039,0.48241674056510114,0.8643421686474797,66,36.89037460734789,1.7398127499999998,0.016275960731981152,True,True,True,True,1.0,passes
82287000031,2913.479265,11.352589831,88,278.15035,101.4482695,11.517005926982474,11.244713072210624,11.7178315268518,639.3300025939942,57.78613798414776,56.41991897048209,58.79377277207555,329.84127850000004,1.5740534728151525,1.2314041092687715,1.0590437873488119,1.5068756669120746,0.313369232475256,0.9336235542128407,244.20252294474193,0.48241674056510125,0.8643421686474796,66,21.510732491885616,1.014482695,0.04107998707656615,True,True,True,False,4.0,passes
82287000011,2884.514003,18.133832628,73,247.4399,83.43487599999999,15.12994076721934,11.417290306768548,15.38147965679282,639.3300025939942,75.91390074899367,57.28581866284248,77.1759875338253,410.793323,1.463179355488008,1.0636632260438805,0.9147816893692851,1.301610268351708,0.2807507069560857,0.6017033623210108,320.8099162911101,0.4824167405651011,0.8643421686474795,66,17.69123620319267,0.8343487599999999,0.26200957498876126,True,True,True,False,7.0,passes
82285000531,2866.380171,9.510473912,53,238.6998,35.840922,3.4086415366302685,2.825431315553127,3.704246524244853,790.0,21.13330483578473,17.517448121924144,22.96603211059615,612.09176,1.6850523958100962,0.7659442295946336,0.6587345873724217,0.9372899709367073,0.1883891732387002,0.22467846614373502,94.38103912995076,0.5098157296551462,0.826016993443978,66,9.923904949769527,0.35840922,0.2578197793014366,False,True,False,False,,too flat
82285000521,2856.869697,9.480063077,31,236.0577,19.317187,1.831281512302044,0.7570668404560508,2.351655636288144,790.0,11.35379887375169,4.693753845480278,14.580076812535587,565.245988,2.1276070615630847,0.6568983631702475,0.5649519318626953,0.8038499722754823,0.14378645102825494,0.1417308995258458,50.70590445289237,0.5098157296551461,0.8260169934439782,66,5.3486885098805095,0.19317187,0.8707502287988415,False,False,False,False,,"too flat, drop too uncertain"
82285000511,2847.389634,9.49953716,38,235.369,13.595643,1.2915231589259388,0.0458303080386024,2.929571726311417,790.0,8.007340263488107,0.2841442434146924,18.16311033739268,626.1186005,2.223326232882827,0.5675018651577901,0.48806831167804865,0.6944550087958504,0.12151536435214469,0.09138436196904666,35.760667846678444,0.5098157296551462,0.826016993443978,66,3.7644642306634704,0.13595643000000002,2.232822073954138,False,False,False,False,,"too flat, drop too uncertain"
82285000501,2837.890096,10.26506624,51,233.6036,13.119429000000002,1.3467180771597698,1.0307247450193409,1.7954732064059649,790.0,8.349544340944401,6.390410961140312,11.131790241860472,444.947402,2.7584009653301154,0.6436666678303734,0.5535722843202594,0.7876582772912175,0.12373649733560305,0.1333377320380122,37.28894639448712,0.5098157296551461,0.8260169934439779,66,3.6326065046889675,0.13119429000000002,0.5678608421143938,False,False,False,False,,"too flat, drop too uncertain"
82285000481,2817.221389,10.399208856,50,230.9098,12.675311,1.318132064037542,1.1824031811279851,1.40958285230613,790.0,8.172313346467638,7.330805130739018,8.739300917669823,473.70944099999997,2.684245724530807,0.6212877361401712,0.5343257442156584,0.7602730612101392,0.12107295499997224,0.11990805191198722,36.497435291291026,0.5098157296551462,0.8260169934439779,66,3.509635761400562,0.12675311,0.17234970408221137,False,True,False,False,,too flat
82285000471,2806.82218,10.38935965,46,229.41815000000005,12.493328,1.2979767781741522,1.1530097833402455,1.4385121916493508,790.0,8.04735218653749,7.148568415926855,8.918660507250642,543.2787295,2.4831332062580502,0.5856044547783047,0.5036370717042886,0.7166072426579309,0.1186505782961901,0.10041142252347705,35.939360526518755,0.5098157296551463,0.8260169934439779,66,3.4592469350619464,0.12493328000000004,0.21995956561774396,False,True,False,False,,too flat
82285000461,2796.43282,10.406817996,46,228.124,13.1017175,1.3634718945750812,1.2414145930953755,1.4933702651079632,790.0,8.453416668613938,7.696671164023883,9.258776174048164,555.3405255,2.415922463641232,0.5888229549799836,0.5064050766325757,0.7205457382349366,0.12095079651915086,0.10207613123739531,37.75283873401829,0.5098157296551461,0.826016993443978,66,3.627702410912644,0.131017175,0.18478978042382632,False,True,False,False,,too flat
82285000451,2786.026002,10.398093264,49,226.8574,12.111189,1.2593327275993087,1.1618939217058468,1.3366267043230144,790.0,7.807762164497507,7.203649363062515,8.286978636666344,506.724939,2.613350612521818,0.5965641245452697,0.5130627103640386,0.7300186480324333,0.11782129430785711,0.10615523168990462,34.86935489223615,0.5098157296551463,0.826016993443978,66,3.3534374050057716,0.12111188999999997,0.13875029115638426,False,True,False,False,,too flat
82285000441,2775.627909,10.387358233,51,225.7351,12.027463,1.2493356681515289,1.106493288168935,1.3311405808004442,790.0,7.745781195686027,6.860169867184346,8.25296510971629,552.336624,2.486809786747674,0.5751494149127426,0.49464542961639374,0.7038133555404302,0.11644608577405872,0.09512880721511005,34.592548766163375,0.5098157296551462,0.8260169934439782,66,3.3302547183041176,0.12027463000000001,0.1798133987192481,False,True,False,False,,too flat
